Name,Sub Category,Plan,AUM,Expense Ratio,Absolute Returns - 3M,Absolute Returns - 6M,Absolute Returns - 1Y,CAGR 3Y,CAGR 5Y,CAGR 10Y,Alpha,Volatility,Category St Dev,SEBI Risk Category
HDFC Balanced Advantage Fund,Balanced Advantage Fund,Growth,94048.2406,0.73,9.458041749621476,12.532249860582544,36.82078512991946,24.984513904164917,23.048172899730048,15.739803773663574,0,11.140729620630779,8.068091893826997,Very High
SBI Equity Hybrid Fund,Aggressive Hybrid Fund,Growth,73077.96639999999,0.73,8.542771065366416,14.123371128786593,26.755402677035825,12.90305882836671,17.03416303,13.992593858218715,0.2,9.408820812407898,10.912533570051444,Very High
ICICI Pru Balanced Advantage Fund,Balanced Advantage Fund,Growth,60135.00324,0.85,7.606755457915703,10.489214718736779,23.70955012,14.490906266389736,15.773134172700498,12.633128263023607,0,5.529091089862781,8.068091893826997,Very High
Kotak Equity Arbitrage Fund,Arbitrage Fund,Growth,51569.8967,0.43,1.7803337113235196,4.132724515,8.555763211,6.817733303262585,6.076772028,6.6328421215585465,0.98,1.0048563479423316,1.0062546556565208,Low
ICICI Pru Multi-Asset Fund,Multi Asset Allocation Fund,Growth,46488.14328,0.73,7.9269218692174235,13.342608013136745,31.103829791826442,23.145610337198175,23.230319962131894,15.765152043023779,0,7.567377899906942,8.874106690820252,Very High
ICICI Pru Equity & Debt Fund,Aggressive Hybrid Fund,Growth,39090.929910331804,0.99,10.838180856689585,13.316032762955151,37.33128030402305,23.861157781624833,25.083922881972633,17.471425755172064,2.8899999999999997,10.134285821901807,10.912533570051444,Very High
SBI Arbitrage Opportunities Fund,Arbitrage Fund,Growth,32546.2164,0.43,1.745658384477427,4.0109571204392696,8.207908550397276,6.768307022838571,5.752615472,6.393697705045365,0.88,0.9985065447957765,1.0062546556565208,Low
SBI Balanced Advantage Fund,Balanced Advantage Fund,Growth,32144.8955,0.68,6.2806959127611774,9.383366532,23.96834644140207,15.282230544712249,0,0,0,6.3275788355420755,8.068091893826997,Moderately High
HDFC Hybrid Equity Fund,Aggressive Hybrid Fund,Growth,24596.0129,1.02,8.933398017880656,11.630549612492564,23.85886802860463,15.31594816712274,18.46613121537526,11.602913039290774,0,9.694561954002873,10.912533570051444,Very High
ICICI Pru Equity-Arbitrage Fund,Arbitrage Fund,Growth,23541.697599689098,0.32,1.7833437107176808,4.073683673132297,8.255109658918741,6.547194691153657,5.856001199573169,6.526826849676226,0.91,0.9635826274897239,1.0062546556565208,Low
Invesco India Arbitrage Fund,Arbitrage Fund,Growth,17654.1921,0.39,1.7893061464906328,4.090440154044309,8.430176286437105,6.977541258024522,6.15929423,6.603665443042583,0.9900000000000001,0.9953316432224991,1.0062546556565208,Low
Kotak Balanced Advantage Fund,Balanced Advantage Fund,Growth,16795.0821,0.51,8.862233019536397,13.062447434819171,23.707367573474432,13.164253813784011,15.2549948,0,0,6.838737988839754,8.068091893826997,Very High
Nippon India Arbitrage Fund,Arbitrage Fund,Growth,15616.725400000001,0.38,1.7378939884667026,4.029494236161592,8.281919983344878,6.648858867,5.999338968811596,6.704570133552501,0.96,0.9572328243431689,1.0062546556565208,Low
HDFC Arbitrage-WP,Arbitrage Fund,Growth,14838.82,0.41,1.7716640796445942,4.0437756497948065,8.298684285470188,6.458810991356856,5.714891364740038,6.272698140794186,0.91,0.9778696845694728,1.0062546556565208,Low
HDFC Arbitrage Fund,Arbitrage Fund,Growth,14838.82,0.41,1.7761269626878264,4.045704028444189,8.303988502,6.461897631217273,5.717179751032608,6.273121538495263,0.91,0.9731073322095565,1.0062546556565208,Low
Aditya Birla SL Arbitrage Fund,Arbitrage Fund,Growth,13208.8193,0.29,1.772559330870189,4.048077925789737,8.345264715818598,6.564638439555193,5.917928540905804,6.544642938568335,0,0.9778696845694728,1.0062546556565208,Low
Edelweiss Balanced Advantage Fund,Dynamic Asset Allocation Fund,Growth,12117.0282,0.5,9.059763989,12.48527679623086,27.730717788675875,14.005765919336577,18.784627898974946,12.98656142156367,0,9.440569828140672,9.410959693,Very High
Edelweiss Arbitrage Fund,Arbitrage Fund,Growth,12007.184099999999,0.39,1.738768934965044,4.049723375,8.407670116336373,6.763727495010374,6.128266944289762,6.750068066774295,0.98,1.0064437987289703,1.0062546556565208,Low
Tata Arbitrage Fund,Arbitrage Fund,Growth,11915.76866,0.29,1.7907134930011082,4.105155243116572,8.417729241657005,6.622744300968364,6.191956809755572,0,1.02,0.9572328243431689,1.0062546556565208,Low
Canara Rob Equity Hybrid Fund,Aggressive Hybrid Fund,Growth,11094.5903,0.56,12.174156516869669,15.876091860935958,31.044746827162093,14.651522234263247,19.994665945633237,14.910917582585824,0.31,10.623220664186546,10.912533570051444,Very High
ICICI Pru Equity Savings Fund,Equity Savings,Growth,10938.676936236401,0.5,4.151459854014583,5.939675174013909,11.040856031128403,9.329577258909838,9.563910305120693,0,0,1.9763762293652491,4.329132630657028,Moderately Low
SBI Conservative Hybrid Fund,Conservative Hybrid Fund,Growth,10106.5506,0.62,5.6129454024390535,8.623584109047806,15.118646436960432,10.999319926689566,12.52222784767396,10.649929671985792,0,3.476517222738872,3.4634472112622134,High
DSP Equity & Bond Fund,Aggressive Hybrid Fund,Growth,10093.5564,0.68,14.002186010121283,20.631490169205634,31.852843489459776,14.847613328964115,19.910930387576297,15.088263247222544,1.41,10.01840191447718,10.912533570051444,Very High
Tata Balanced Adv Fund,Balanced Advantage Fund,Growth,10051.49799,0.35,6.729583587224057,8.927758217974016,23.033909835566888,13.910230020265635,16.566541359707298,0,0,6.913348175811776,8.068091893826997,High
Mirae Asset Aggressive Hybrid Fund,Aggressive Hybrid Fund,Growth,9294.492052363641,0.39,12.713339236100515,15.31157270029674,29.765545361875635,15.01346881,19.132821083251315,0,0.03,10.410502258776953,10.912533570051444,Very High
Nippon India Balanced Advantage Fund,Balanced Advantage Fund,Growth,8802.553399999999,0.56,8.638355916,12.420652840981449,26.789911927870698,14.084098279344825,15.826333546726534,12.018274410473007,0,7.678499454971655,8.068091893826997,Very High
Aditya Birla SL Equity Hybrid '95 Fund,Aggressive Hybrid Fund,Growth,7983.3813,1.06,10.51889452904682,16.078525916996732,29.5865951,13.135695473240183,17.134870177593097,12.967987797824776,0.47000000000000003,10.102536806169033,10.912533570051444,Very High
Aditya Birla SL Balanced Advantage Fund,Balanced Advantage Fund,Growth,7459.7141,0.63,8.777903897086645,13.31165632081979,24.485819441437545,13.39058071,15.904052487413356,12.243952325020157,0,7.776921403743258,8.068091893826997,Very High
Bandhan Arbitrage Fund,Arbitrage Fund,Growth,6966.6975,0.37,1.7860276123193357,4.118030474307181,8.365942385212854,6.587566042,5.827711319418372,6.496831975955364,1,0.9810445861427503,1.0062546556565208,Low
Kotak Multi Asset Allocation Fund,Multi Asset Allocation Fund,Growth,6952.134,0.3,8.958538993089821,15.515436944008371,0,0,0,0,0,10.012052111330625,8.874106690820252,Very High
Kotak Equity Savings Fund,Equity Savings,Growth,6540.7437,0.66,6.804660958325013,9.931448598315685,22.517986880158006,14.011819695494786,13.684615165527392,0,0,5.692598520886573,4.329132630657028,Moderately High
Kotak Equity Hybrid Fund,Aggressive Hybrid Fund,Growth,6355.0115000000005,0.43,14.033089747239872,20.15866931115517,34.47362531,18.787250027755587,22.68057004818873,0,0,10.727992416104701,10.912533570051444,Very High
UTI Aggressive Hybrid Fund,Aggressive Hybrid Fund,Growth,6189.1104000000005,1.26,13.501306860981002,18.583088137044495,36.02850576524785,19.353835283677867,21.63642294720414,13.790318263054392,2.29,9.961253686158184,10.912533570051444,Very High
UTI Arbitrage Fund,Arbitrage Fund,Growth,6025.3729,0.36,1.7377374941703616,4.062742588279917,8.309356622352148,6.487854531249471,5.880894477353915,6.475439960145057,0.9199999999999999,1.0112061510888868,1.0062546556565208,Low
HSBC Aggressive Hybrid Fund,Aggressive Hybrid Fund,Growth,5893.064219,0.81,12.748009080753837,18.281687691615595,33.68154357541421,15.753844009948859,18.48048456404554,13.93326433499491,0,13.729861853638587,10.912533570051444,Very High
SBI Multi Asset Allocation Fund,Multi Asset Allocation Fund,Growth,5865.7985,0.53,7.554093470450276,12.301806055114968,26.09323579819951,16.165959528186093,16.181731446278768,12.673468591007154,2.3,8.100761364217563,8.874106690820252,Very High
DSP Arbitrage Fund,Arbitrage Fund,Growth,5695.3759,0.34,1.780169737114463,4.004794472255514,8.216565182305034,6.463982367072596,5.7475654414133714,0,0.9299999999999999,1.0286681097419128,1.0062546556565208,Low
Axis Arbitrage Fund,Arbitrage Fund,Growth,5605.022295,0.31,1.7647277892754425,4.070251419,8.328000317149288,6.6700993836891875,5.951720904770297,6.647307659,1,0.9350085133302264,1.0062546556565208,Low
Sundaram Aggressive Hybrid Fund,Aggressive Hybrid Fund,Growth,5191.820884,0.71,11.88812171231857,14.583884577973368,30.296428124324276,14.98532819429852,19.037708805358132,14.385850337674944,0.89,9.765997239401617,10.912533570051444,High
SBI Equity Savings Fund,Equity Savings,Growth,5044.0626,0.66,5.832039283166147,8.355498644299404,16.275724054613605,11.02602030242168,13.072895486936687,0,0,4.873473914980976,4.329132630657028,Moderately High
HDFC Equity Savings Fund,Equity Savings,Growth,4872.6185,0.94,5.824535315985132,7.512765507447803,18.728416276004737,11.759493248727736,13.108904573920398,10.818000483688706,0,4.802038629582232,4.329132630657028,Moderately High
Tata Hybrid Equity Fund,Aggressive Hybrid Fund,Growth,4241.610136,0.99,10.950882028863148,14.226597138824795,28.537931652593738,14.938925843004602,18.136925578200124,13.04409379144509,-0.14,10.388277947764008,10.912533570051444,Very High
NJ Balanced Advantage Fund,Balanced Advantage Fund,Growth,4184.631084,0.57,13.598797896318548,13.684210526315779,34.39999999999999,0,0,0,0,8.711929917073483,8.068091893826997,Very High
Nippon India Multi Asset Allocation Fund,Multi Asset Allocation Fund,Growth,4095.2140000000004,0.29,8.917203939662468,13.790149665075836,33.83813415603351,17.76257650488433,0,0,2.85,9.824732918507252,8.874106690820252,Very High
Baroda BNP Paribas Balanced Advantage Fund,Balanced Advantage Fund,Growth,4065.5639,0.7,9.180757780900436,11.87916878205913,27.540064262478296,15.501124577083857,19.45393527264523,0,0,9.735835674,8.068091893826997,Very High
Nippon India Equity Hybrid Fund,Aggressive Hybrid Fund,Growth,3893.7417,1.15,10.642940500118998,13.874349412393107,31.29882768194976,17.89408215490269,16.76619959909498,12.199735928477718,0.79,10.28509364663249,10.912533570051444,Very High
Aditya Birla SL Multi Asset Allocation Fund,Multi Asset Allocation Fund,Growth,3508.9001000000003,0.44,8.364198232179785,14.870452592955383,25.894247775929887,0,0,0,0,8.980209100015433,8.874106690820252,Very High
ICICI Pru Regular Savings Fund,Conservative Hybrid Fund,Growth,3368.025512,0.91,5.652740600309149,8.596474717,16.224430850354736,10.676038254983776,11.573585336891213,10.926010925412122,0,2.925671799775224,3.4634472112622134,High
HDFC Multi-Asset Fund,Multi Asset Allocation Fund,Growth,3348.1353000000004,0.77,8.038775099,11.469928220065693,25.625136081196516,14.634165788810982,18.306313214530622,12.137101070765222,0,6.849850144346226,8.874106690820252,High
HDFC Hybrid Debt Fund,Conservative Hybrid Fund,Growth,3347.8965000000003,1.23,5.228527772829556,7.040770752249088,16.837269811113117,11.321432448580971,12.074639624947325,9.971549304213823,0,4.021012842555965,3.4634472112622134,Moderately High
DSP Dynamic Asset Allocation Fund,Dynamic Asset Allocation Fund,Growth,3211.6883000000003,0.71,8.024224072672215,12.679075014100395,22.444226526109333,11.27936475436857,13.295328199811895,10.609689373234987,0,6.030725538440628,9.410959693,Moderate
Tata Multi Asset Opp Fund,Multi Asset Allocation Fund,Growth,3187.7240289859997,0.37,7.527545174085493,10.829472154083767,27.289706948813862,16.25508800428559,0,0,0,9.072281245640482,8.874106690820252,Very High
UTI Balanced Advantage Fund,Dynamic Asset Allocation Fund,Growth,3036.7115999999996,0.51,7.318539952586813,10.98862468677326,21.981494690125214,0,0,0,0,6.572046256684443,9.410959693,Moderately High
UTI Multi Asset Allocation Fund,Multi Asset Allocation Fund,Growth,2912.9644,0.97,9.343552587262074,14.55049298178679,40.52124279033104,19.40734707703291,17.98354741267907,10.950439618369966,6.09,8.540485232116499,8.874106690820252,High
Kotak Debt Hybrid Fund,Conservative Hybrid Fund,Growth,2760.7239,0.48,6.301058219296127,8.692091187236597,19.65755588690142,12.153442935520765,13.92450215840606,11.550874150596059,0.44999999999999996,4.878236267340893,3.4634472112622134,Moderately High
Quant Multi Asset Fund,Multi Asset Allocation Fund,Growth,2725.2553000000003,0.62,7.5740833094640205,14.263000937435814,47.45171075078521,26.77098095,31.28712134513325,18.418836114912573,0,13.723512050492033,8.874106690820252,Very High
Axis Balanced Advantage Fund,Balanced Advantage Fund,Growth,2466.1165969999997,0.85,10.577864838393713,14.561136478944686,31.355439208842327,14.10205070842252,15.012810488739724,0,0,8.819876570564919,8.068091893826997,Very High
HSBC Arbitrage Fund,Arbitrage Fund,Growth,2462.052035,0.27,1.7291968440433025,3.9615664074784953,8.213912798080978,6.4177861884341825,5.924741432,6.556312637646422,0.8999999999999999,1.0302555605285517,1.0062546556565208,Low
Mirae Asset Arbitrage Fund,Arbitrage Fund,Growth,2406.02561,0.23,1.7976989453499492,4.118656533464081,8.498680064719402,6.576258673857982,0,0,0.98,1.047717519181578,1.0062546556565208,Low
Sundaram Multi Asset Allocation Fund,Multi Asset Allocation Fund,Growth,2310.193991,0.17,8.083465006041454,12.999834805507776,0,0,0,0,0,8.965922042935684,8.874106690820252,Moderately High
Bandhan Balanced Advantage Fund,Balanced Advantage Fund,Growth,2302.1729,0.71,7.837578854906975,11.381912656192016,22.09113100081367,10.718062211025646,14.17574495944356,0,0,6.3958392193675415,8.068091893826997,Moderately High
Quant Absolute Fund,Aggressive Hybrid Fund,Growth,2295.2053,0.7,6.374478893026969,10.5224096,35.226570352402305,20.10306769600094,28.97785150492236,17.282425853223838,0,13.902893989382212,10.912533570051444,Very High
Franklin India Balanced Advantage Fund,Dynamic Asset Allocation Fund,Growth,2171.084102,0.42,7.049660646070542,10.747118498396189,25.479506842645243,0,0,0,0,6.629194485003439,9.410959693,High
Parag Parikh Conservative Hybrid Fund,Conservative Hybrid Fund,Growth,2113.3985000000002,0.33,4.915873213357823,6.750266212925657,17.13622695777225,11.96415575451919,0,0,1.92,3.297135283848693,3.4634472112622134,Moderately High
Franklin India Equity Hybrid Fund,Aggressive Hybrid Fund,Growth,1985.363968,1.06,10.30777799214447,13.443644421383418,31.676132289869685,16.310804525767942,19.577280636198722,14.520204350775167,1.26,10.00411485739743,10.912533570051444,Very High
Edelweiss Aggressive Hybrid Fund,Aggressive Hybrid Fund,Growth,1951.63,0.4,13.444036404279089,16.360956436292163,37.48065015479876,20.975745619226103,22.620503538466828,14.858524402791584,2.13,11.093106097031615,10.912533570051444,Very High
HSBC Multi Asset Allocation Fund,Multi Asset Allocation Fund,Growth,1938.916938,0.56,9.878476105271012,17.05070039412681,0,0,0,0,0,15.49669457916752,8.874106690820252,Very High
DSP Multi Asset Allocation Fund,Multi Asset Allocation Fund,Growth,1924.8301999999999,0.29,7.387964902539768,13.383903431246281,0,0,0,0,0,7.005420321436824,8.874106690820252,Very High
Mirae Asset Balanced Advantage Fund,Dynamic Asset Allocation Fund,Growth,1691.927994,0.68,8.483448806774444,10.838445807770961,22.539130434782614,0,0,0,0,7.324497929551213,9.410959693,High
Axis Equity Hybrid Fund,Aggressive Hybrid Fund,Growth,1682.751065,1.04,13.309535951045383,18.003186404673396,28.143021914648205,11.016111098803139,16.66757958802918,0,0.03,9.994590152677599,10.912533570051444,Very High
Bandhan Multi Asset Allocation Fund,Multi Asset Allocation Fund,Growth,1643.9084,0.41,8.692482999787785,15.056746039497595,0,0,0,0,0,8.877024798883916,8.874106690820252,Very High
UTI Conservative Hybrid Fund,Conservative Hybrid Fund,Growth,1637.9703,1.18,6.405759041626967,9.588432680953773,16.854251858432526,10.632659289348268,11.152765937840314,9.622508713624267,0,3.716222291521324,3.4634472112622134,Moderately High
Mirae Asset Multi Asset Allocation Fund,Multi Asset Allocation Fund,Growth,1586.3953428333102,0.4,8.096859629209249,12.237281477116484,0,0,0,0,0,7.905504917460997,8.874106690820252,High
Sundaram Balanced Advantage Fund,Dynamic Asset Allocation Fund,Growth,1572.950598,0.59,9.866129186016412,11.211652509077668,24.027365669920812,13.537870094331804,13.200499081719341,9.749645526,0,8.029326078818821,9.410959693,High
Union Balanced Advantage Fund,Balanced Advantage Fund,Growth,1572.4591,0.91,7.719654647028945,8.546571136131023,21.96664749856239,11.477826496744381,14.622315284490185,0,0,8.442063283344897,8.068091893826997,Very High
DSP Equity Savings Fund,Equity Savings,Growth,1553.2701000000002,0.47,6.793928242870288,10.080128964961347,17.99054733953346,10.175609104330952,12.382984071043769,0,0,3.657486612,4.329132630657028,Moderate
HSBC Balanced Advantage Fund,Balanced Advantage Fund,Growth,1493.745603,0.77,9.996099852786344,10.84850577741832,24.35403381605575,12.880860982614962,13.636122030334707,10.52899216234744,0,7.2879865614585215,8.068091893826997,High
Aditya Birla SL Regular Savings Fund,Conservative Hybrid Fund,Growth,1400.9191,1.02,4.822687564427639,7.801356973058621,13.235999369242087,9.428371855181993,10.924094156373165,10.325588791198669,-0.03,3.24951176,3.4634472112622134,Moderately High
Aditya Birla SL Regular Savings Fund(Payment),Conservative Hybrid Fund,Growth,1400.9191,1.02,4.822687564427639,7.801356973058621,13.235999369242087,9.428371855181993,10.924094156373165,10.325588791198669,-0.03,3.24951176,3.4634472112622134,Moderately High
Mahindra Manulife Aggressive Hybrid Fund,Aggressive Hybrid Fund,Growth,1363.6007,0.44,14.615334032175094,19.57506053268765,37.893531768746435,19.728297568849772,24.078571538358617,0,2.01,11.256613528055407,10.912533570051444,Very High
Quant Dynamic Asset Allocation Fund,Dynamic Asset Allocation Fund,Growth,1334.2477,0.65,10.435989146521951,13.998803249051521,54.28613274519264,0,0,0,0,16.59362307,9.410959693,High
Axis Multi Asset Allocation Fund,Multi Asset Allocation Fund,Growth,1288.7009483709999,1.07,11.25244958202069,16.482654553293408,25.867052834234222,10.134463749192445,16.421202960083292,12.00569618759555,0,10.312080310005348,8.874106690820252,Very High
Motilal Oswal Balanced Advantage Fund,Dynamic Asset Allocation Fund,Growth,1270.5725,0.96,19.165418221407496,20.593913027101337,26.867142842990596,15.71060191205742,15.459603497693063,0,0,10.767678685770672,9.410959693,Very High
Bajaj Finserv Balanced Advantage Fund,Balanced Advantage Fund,Growth,1233.470401,0.55,6.797555102796815,9.557286719,0,0,0,0,0,9.424695320274285,8.068091893826997,Very High
Baroda BNP Paribas Arbitrage Fund,Arbitrage Fund,Growth,1220.153,0.38,1.8889772546524515,4.220384097,8.473657829497254,6.5013562925879675,5.948507449736606,0,1.13,0.9985065447957765,1.0062546556565208,Low
Baroda BNP Paribas Multi Asset Fund,Multi Asset Allocation Fund,Growth,1211.9502,0.9,9.221346172,14.232587505197182,32.42439930022493,0,0,0,0,10.397802652483842,8.874106690820252,Very High
Mirae Asset Equity Savings Fund,Equity Savings,Growth,1188.860586,0.34,7.335039966563939,9.491579620550002,18.846532076126586,11.320372789887955,14.435346552894824,0,0,5.416382084,4.329132630657028,Moderately High
Baroda BNP Paribas Aggressive Hybrid Fund,Aggressive Hybrid Fund,Growth,1143.869,0.49,11.22584919890886,14.663682506694382,35.28029971794278,16.931618791855897,20.975075591826297,0,1.8399999999999999,10.593059099240408,10.912533570051444,Very High
PGIM India Balanced Advantage Fund,Dynamic Asset Allocation Fund,Growth,1127.4216999999999,0.47,10.047846889952156,13.941967445152162,21.05263157894737,12.260732413360076,0,0,0,8.862737741804166,9.410959693,Very High
WOC Balanced Advantage Fund,Balanced Advantage Fund,Growth,1111.5688,0.52,9.818837738216617,13.845528455284548,26.221380926627017,0,0,0,0,7.845181787568724,8.068091893826997,Very High
Edelweiss Multi Asset Allocation Fund,Multi Asset Allocation Fund,Growth,1015.5304,0.4,2.2051764793602495,4.231657589323903,7.988419155661905,0,0,0,1.7500000000000002,1.9430397628458353,8.874106690820252,Low
Bajaj Finserv Multi Asset Allocation Fund,Multi Asset Allocation Fund,Growth,984.332299,0.57,9.658999999999995,0,0,0,0,0,0,7.387995961016763,8.874106690820252,Very High
Axis Equity Saver Fund,Equity Savings,Growth,982.835901,1.04,7.221976074435085,8.568864961866309,20.33814022874192,10.003666911130127,12.549122549721003,0,0,5.6640244067270755,4.329132630657028,Moderately High
Canara Rob Conservative Hybrid Fund,Conservative Hybrid Fund,Growth,968.9686,0.64,5.846773787944933,7.989314603443704,14.478572726313365,8.663549606971998,11.291768585387008,9.615297345239693,-0.1,3.6336748506161087,3.4634472112622134,Moderately High
Bank of India Mid & Small Cap Equity & Debt Fund,Aggressive Hybrid Fund,Growth,921.1997,1.13,16.152796725784455,20.390271493212673,44.01217861975644,21.971551306190086,30.194391943528444,0,2.56,14.672807620902008,10.912533570051444,Very High
Parag Parikh Arbitrage Fund,Arbitrage Fund,Growth,892.3163000000001,0.3,1.6502059182428293,3.8237585199610478,0,0,0,0,0,1.054067322328133,1.0062546556565208,Low
Parag Parikh Dynamic Asset Allocation Fund,Dynamic Asset Allocation Fund,Growth,888.2377,0.32,5.290871397564794,7.773770622459557,0,0,0,0,0,3.438418403859542,9.410959693,Moderately High
Sundaram Equity Savings Fund,Equity Savings,Growth,881.560928,0.54,7.2144357635538485,10.49732782893558,20.759975159136776,13.79072022777632,15.477871984967662,11.223717857455128,0,5.767208707858595,4.329132630657028,Moderate
LIC MF Balanced Advantage Fund,Balanced Advantage Fund,Growth,877.2755000000001,0.56,8.338915458071757,11.433172302737512,19.849038395257455,0,0,0,0,6.919697978958331,8.068091893826997,Moderately High
Mahindra Manulife Balanced Advantage Fund,Balanced Advantage Fund,Growth,858.6691999999999,0.51,10.529439783094565,10.257159983041184,28.587139069573144,0,0,0,0,11.11533040804456,8.068091893826997,Very High
Nippon India Hybrid Bond Fund,Conservative Hybrid Fund,Growth,825.6489999999999,1.12,3.199249524438229,5.197068193368896,10.554642617202981,8.607630468341165,5.462754872458642,6.933452911968763,0.62,1.7763574302487661,3.4634472112622134,High
Bajaj Finserv Arbitrage Fund,Arbitrage Fund,Growth,823.1678999999999,0.25,1.6359338061465727,3.755188724780378,0,0,0,0,0.69,0.9683449798496402,1.0062546556565208,Low
360 ONE Balanced Hybrid Fund,Balanced Hybrid Fund,Growth,805.4010665,0.45,8.335556722,14.293756583009491,0,0,0,0,0,7.4705434019219785,7.630611356241386,Very High
Invesco India Balanced Advantage Fund,Dynamic Asset Allocation Fund,Growth,803.4182000000001,0.86,9.087706939063045,12.250815512866977,28.746622323841194,14.098092001541552,14.914396126870443,11.901091433337662,0,8.481749553010864,9.410959693,Very High
Bandhan Hybrid Equity Fund,Aggressive Hybrid Fund,Growth,759.9196000000001,1.02,16.665968410909556,16.67085637673874,30.99538997083452,15.083560329807755,19.746591939552125,0,-0.28,11.501080949197776,10.912533570051444,Very High
Baroda BNP Paribas Conservative Hybrid Fund,Conservative Hybrid Fund,Growth,750.9203,0.51,4.726290409001603,6.983152194195528,14.775353502100888,8.880342678,9.859827302765844,9.713093700009257,0.41000000000000003,3.374920372393992,3.4634472112622134,Moderately High
WOC Multi Asset Allocation Fund,Multi Asset Allocation Fund,Growth,671.0202,0.56,6.244802926991513,11.628516512318711,22.022729443224133,0,0,0,2.85,5.370346011198906,8.874106690820252,High
Union Aggressive Hybrid Fund,Aggressive Hybrid Fund,Growth,648.9934,1.21,10.48243001786779,11.88178528347408,28.107734806629832,13.520654613199401,0,0,-0.57,10.650207327559404,10.912533570051444,Very High
Samco Dynamic Asset Allocation Fund,Dynamic Asset Allocation Fund,Growth,634.7737000000001,0.71,15.103652517275412,13.313896987366387,0,0,0,0,0,14.947436606990511,9.410959693,Very High
Franklin India Equity Savings Fund,Equity Savings,Growth,631.8420241,0.23,4.056447082386854,6.201038284400188,12.647165757726007,8.986327304025332,10.784429921048776,0,0,2.4287997035572944,4.329132630657028,Moderately Low
Nippon India Equity Savings Fund,Equity Savings,Growth,610.1585,0.74,4.258816865,6.376309027974085,13.929986745520722,9.059848268929628,6.141546504737239,0,0,3.4114317404866834,4.329132630657028,Moderate
Aditya Birla SL Equity Savings Fund,Equity Savings,Growth,589.6517,0.61,3.5682023486901495,6.453110492,11.581508515815079,6.881569426361422,10.73732360369586,0,0,2.5018224397426767,4.329132630657028,Moderate
JM Aggressive Hybrid Fund,Aggressive Hybrid Fund,Growth,578.0676231,0.6,13.336568545673861,21.74012242,51.539116933084834,25.144563861203405,28.529573914451145,14.476135276475866,5.24,12.978997631558457,10.912533570051444,Very High
LIC MF Aggressive Hybrid Fund,Aggressive Hybrid Fund,Growth,551.5932,1.38,11.749369680933018,16.17999633415105,32.12899572698071,13.667012327861938,15.563725871922717,10.674589878715679,0.74,10.634332819693016,10.912533570051444,Very High
Mahindra Manulife Equity Savings Fund,Equity Savings,Growth,525.4946,0.72,6.404186164,7.994441091006083,18.204166922745976,11.278978847087506,14.594305371842164,0,0,5.732284790552542,4.329132630657028,Moderately High
Invesco India Aggressive Hybrid Fund,Aggressive Hybrid Fund,Growth,501.85269999999997,0.84,12.648609460532164,19.071592435772462,39.69353150036416,17.623536634177817,18.841673497175915,0,2.94,10.920073961287992,10.912533570051444,Very High
Mahindra Manulife Multi Asset Allocation Fund,Multi Asset Allocation Fund,Growth,482.9686,0.42,7.665864883804633,0,0,0,0,0,1.95,8.732566777,8.874106690820252,High
Edelweiss Equity Savings Fund,Equity Savings,Growth,450.3295,0.57,5.984977766608153,8.996848476763773,18.649174793187793,10.823035011238314,12.710060368948973,0,0,3.6193877935363603,4.329132630657028,Moderate
UTI Equity Savings Fund,Equity Savings,Growth,441.6429,0.68,4.633706853,7.358319419007077,17.289982136883232,12.000647491758777,12.727724973614096,0,0,3.924178344571001,4.329132630657028,Moderate
HSBC Equity Savings Fund,Equity Savings,Growth,406.538424,0.61,8.089113696,13.09276186477873,25.16376564177475,13.482113998079214,14.724629627526697,10.418479745786113,0,7.272112053592134,4.329132630657028,Moderately High
ITI Balanced Advantage Fund,Balanced Advantage Fund,Growth,383.04330000000004,0.62,9.649853376538847,7.901623989311145,26.693945544674555,13.017649514696107,0,0,0,10.685131244865456,8.068091893826997,Very High
Bank of India Multi Asset Allocation Fund,Multi Asset Allocation Fund,Growth,351.4065,1.24,6.226863203238437,10.17512017,0,0,0,0,0,9.753297633108506,8.874106690820252,Very High
NJ Arbitrage Fund,Arbitrage Fund,Growth,342.74933069400004,0.29,1.530080489,3.7899204054041897,7.894491911915268,0,0,0,0.69,1.079466534914353,1.0062546556565208,Low
Axis Regular Saver Fund,Conservative Hybrid Fund,Growth,307.918902,0.87,5.259162494108857,7.725774811112471,12.546206579343412,7.440242115347484,10.369766173749406,8.631106611865945,0,3.459055264085846,3.4634472112622134,Moderately High
Baroda BNP Paribas Equity Savings Fund,Equity Savings,Growth,238.65919999999997,1.49,6.081681810443212,8.339451077366911,18.242901321338202,10.438075975254257,10.964430043766772,0,0,5.006819781058632,4.329132630657028,Moderate
Union Arbitrage Fund,Arbitrage Fund,Growth,234.9882,0.38,1.6973912527622423,3.993903363765962,8.307271923,6.313268625648871,5.720111123082172,0,0.83,1.0683543794078818,1.0062546556565208,Low
Invesco India Equity Savings Fund,Equity Savings,Growth,226.1763,0.72,7.822124114358963,13.226735128802716,23.35892788040491,11.662955315331924,12.26094272902214,0,0,5.027456641284935,4.329132630657028,Moderately High
PGIM India Hybrid Equity Fund,Aggressive Hybrid Fund,Growth,218.2816,0.78,9.782528566162906,13.940321346595258,24.255319148936163,10.97928717349117,16.125646486983914,10.944557195363691,-0.37,9.370721993528567,10.912533570051444,Very High
Helios Balanced Advantage Fund,Dynamic Asset Allocation Fund,Growth,216.59669999999997,0.72,7.780979827089342,0,0,0,0,0,0,11.674113084941402,9.410959693,Very High
Franklin India Debt Hybrid Fund,Conservative Hybrid Fund,Growth,206.5482167,0.67,5.013759133313806,7.439174731507459,15.490132199379294,9.304217256021241,9.731969971809828,9.091621611527012,0.5700000000000001,3.520965844764757,3.4634472112622134,Moderately High
DSP Regular Savings Fund,Conservative Hybrid Fund,Growth,178.41009999999997,0.5,5.838029582116055,8.455836226004765,16.129917043262143,8.996560709132439,10.537362721395116,8.674791945216654,1.11,3.3145972425017196,3.4634472112622134,Moderately High
JM Arbitrage Fund,Arbitrage Fund,Growth,162.4588,0.37,1.7073668457928006,3.871039045107901,8.030424445,6.224538476,5.043746026717555,5.838655271563953,0.8,1.0715292809811594,1.0062546556565208,Low
Shriram Multi Asset Allocation Fund,Multi Asset Allocation Fund,Growth,159.3554,0.5,5.9954151268182425,7.6009540530691995,0,0,0,0,0,13.28061328101982,8.874106690820252,Very High
Tata Equity Savings Fund,Equity Savings,Growth,157.9532971,0.48,4.865736820997277,7.364677069969533,16.88915733027098,9.841088517,11.054895465987435,8.888955082601058,0,4.629006493838609,4.329132630657028,Moderately Low
LIC MF Arbitrage Fund,Arbitrage Fund,Growth,141.61540000000002,0.31,1.7216813994256115,3.869503286792661,7.865052997943371,6.358858475772156,5.545766972506527,0,0.88,0.9143716531039225,1.0062546556565208,Low
Sundaram Arbitrage Fund,Arbitrage Fund,Growth,140.559438,0.28,1.7838025622664775,3.860316725386501,7.914518093119048,5.902352028,4.740634341272165,0,0,0.976282234,1.0062546556565208,Low
Bank of India Balanced Advantage Fund,Balanced Advantage Fund,Growth,138.3298,1.41,6.613822438654479,7.492195215189064,25.18573137816855,16.401649544688148,14.032868127782061,9.070783454069375,0,11.512193104704247,8.068091893826997,Very High
Bandhan Equity Savings Fund,Equity Savings,Growth,135.9923,0.19,3.532266196117969,5.561267107884078,11.338145098437872,7.7157245855751455,9.734090976399434,7.795326173652151,0,2.716128295938909,4.329132630657028,Moderately Low
Union Equity Savings Fund,Equity Savings,Growth,133.0281,1.42,4.959702417854934,5.878674171357095,14.469235970250173,8.025673290242397,9.879429066497414,0,0,4.824262940595175,4.329132630657028,Moderate
WOC Balanced Hybrid Fund,Balanced Hybrid Fund,Growth,130.3624,0.68,9.779207232267037,13.305221604162917,0,0,0,0,0,7.9499535394868825,7.630611356241386,Very High
HSBC Conservative Hybrid Fund,Conservative Hybrid Fund,Growth,125.2708861,1.34,5.8660468235481895,10.181301330875792,18.15250406929428,9.714350439043763,10.876637512503917,9.128604649350592,0,4.554396306866586,3.4634472112622134,Moderately High
Bandhan Conservative Hybrid Fund,Conservative Hybrid Fund,Growth,116.2614,1.03,5.187364840684068,7.804246488167462,14.348797616514167,7.051131162185942,8.287963685867105,8.412973088249975,1.72,3.4908042798186214,3.4634472112622134,Moderately High
Navi Aggressive Hybrid Fund,Aggressive Hybrid Fund,Growth,110.611044,0.42,12.406632152535627,15.716742660587148,26.886978641287655,15.83786709468491,17.50176222263944,0,0.6,9.023070271,10.912533570051444,Very High
PGIM India Arbitrage Fund,Arbitrage Fund,Growth,108.9594,0.37,1.762109694901108,3.904842610935591,7.966877569466734,6.211769033210768,5.603423099471749,6.332223582917962,0.8500000000000001,0.9540579227698914,1.0062546556565208,Low
Motilal Oswal Multi Asset Fund,Multi Asset Allocation Fund,Growth,105.0073,0.9,14.1067714,14.410059483472631,17.91986465616925,11.531924440945485,0,0,0.44999999999999996,7.526104179454335,8.874106690820252,Very High
PGIM India Equity Savings Fund,Equity Savings,Growth,94.1962,0.49,3.3500958368025016,5.6541490670105885,10.68621309,7.277174667508124,9.369983876637079,9.477316031432403,0,2.081147981283407,4.329132630657028,Moderately Low
Mahindra Manulife Arbitrage Fund,Arbitrage Fund,Growth,90.27459999999999,0.41,1.4679737476115187,3.4287988618657237,7.066341737087547,5.530628437404905,0,0,0.4,1.0080312495156092,1.0062546556565208,Low
Bank of India Conservative Hybrid Fund,Conservative Hybrid Fund,Growth,65.7985,1.28,4.051191526919668,4.026707453,13.114313676574993,13.989364681988459,13.383556618218595,8.800648719667482,-1.22,4.5210598403471725,3.4634472112622134,Moderately High
Shriram Balanced Advantage Fund,Dynamic Asset Allocation Fund,Growth,55.345299999999995,0.6,7.094973271253671,6.910037710676809,28.85978278489221,13.69786571099645,14.996024842765255,0,0,11.775709935286281,9.410959693,Very High
LIC MF Conservative Hybrid Fund,Conservative Hybrid Fund,Growth,50.8107,1.22,4.608699114115396,6.5230290678175455,11.613268629242995,6.554836545140397,8.054138681094546,7.593192397734105,-0.13,3.0209188469735495,3.4634472112622134,Moderately High
Shriram Aggressive Hybrid Fund,Aggressive Hybrid Fund,Growth,50.72689999999999,1,9.636466871460392,12.349392197933998,35.03539689712306,14.82935054399952,17.350093143967026,11.812587007155905,0.35000000000000003,12.821840003681219,10.912533570051444,Very High
Groww Aggressive Hybrid Fund,Aggressive Hybrid Fund,Growth,44.411813525999996,0.85,6.825129366701663,11.551423255724526,31.152887446939598,15.073231686542844,17.575895494742255,0,0.08,11.034370417925983,10.912533570051444,Very High
Bank of India Arbitrage Fund,Arbitrage Fund,Growth,40.8811,0.23,1.7088654865934831,3.7957895699629653,7.672723247465894,5.456383832802092,4.77220548,0,0.69,0.9937441924358603,1.0062546556565208,Low
ITI Arbitrage Fund,Arbitrage Fund,Growth,37.353,0.21,1.7060189433534754,4.032027685501854,8.217863813890306,5.638972362400052,0,0,0.88,1.0699418301945205,1.0062546556565208,Low
Navi Conservative Hybrid Fund,Conservative Hybrid Fund,Growth,35.696408,0.33,3.855656804538016,5.135708880510555,12.049559998001612,7.709243875083649,8.258345605353457,8.228153621,0.8999999999999999,2.3272028532124143,3.4634472112622134,Moderate
Sundaram Conservative Hybrid Fund,Conservative Hybrid Fund,Growth,26.815258,1.1,4.513650935858824,5.732731798382078,12.418420513263063,9.879179426372332,10.266806630434978,8.609728800961536,-0.78,3.5971634825234173,3.4634472112622134,Moderately High
Quantum Multi Asset Allocation Fund,Multi Asset Allocation Fund,Growth,24.54287123,0.37,6.292352372,0,0,0,0,0,2.65,6.543472142524946,8.874106690820252,High
LIC MF Equity Savings Fund,Equity Savings,Growth,20.161099999999998,0.99,7.086074710456197,8.350785820389142,16.84993710791332,9.534160467,11.155040142440665,8.398043649076392,0,5.9402408436022185,4.329132630657028,Moderately High
Canara Rob Balanced Advantage Fund,Balanced Advantage Fund,Growth,0,0,0,0,0,0,0,0,0,4.111497537394374,8.068091893826997,Very High
